[{"@type":"mtTask","id":"@1","name":"audit_vivek","description":"","runtimeEnvironmentId":"@81ymyPTILezh3CLnxFiheY","maxLogs":10,"verbose":false,"lastRunTime":1618506740000,"mappingId":"@2W3e0XctVRPjcd8JzJIzKE","shortDescription":"","sessionPropertiesList":[],"enableCrossSchemaPushdown":true,"enableParallelRun":false,"autoTunedApplied":false,"autoTunedAppliedType":"NONE","paramFileType":"PARAM_FILE_LOCAL","schemaMode":"async","parameterFileEncoding":"UTF-8","serverlessProperties":{},"taskProperties":[{"@type":"taskProperty","name":"parameterFileDir","currentValue":"","type":"STRING","label":"label.parameterFileDir","required":false},{"@type":"taskProperty","name":"parameterFileName","currentValue":"","type":"STRING","label":"label.parameterFileName","required":false}],"parameters":[{"@type":"mtTaskParameter","id":248701834,"name":"$Source$","type":"EXTENDED_SOURCE","label":"Source","uiProperties":{"connectionParameterized":"false","isMsrcFilterParameterized":"false","isMsrcSortParameterized":"false","objectParameterized":"false","visible":"false"},"sourceConnectionId":"@1jBwBKt9YIWby3i31JBF4n","newFlatFile":false,"newObject":false,"showBusinessNames":false,"naturalOrder":true,"truncateTarget":false,"bulkApiDBTarget":false,"srcFFAttrs":{"@type":"flatFileAttrs","id":34623715,"delimiter":",","textQualifier":"\"","escapeChar":"","headerLineNo":1,"firstDataRow":2},"customFuncCfg":{"@type":"customFuncConfig","id":-1,"connections":[],"inputMap":[],"outputFields":[]},"tgtFieldRefs":{},"targetUpdateColumns":[],"extendedObject":{"@type":"extendedObject","object":{"@type":"mObject","name":"filerename.txt","label":"filerename.txt","metadataUpdated":false,"relations":[],"children":[]},"objects":[{"@type":"mObject","name":"filerename.txt","label":"filerename.txt","metadataUpdated":false,"relations":[],"children":[]}],"filters":[],"sortFields":[]},"runtimeAttrs":{},"isRESTModernSource":true,"isFileList":false,"handleSpecialChars":false,"frsAsset":false,"dynamicFileName":false,"currentlyProcessedFileName":false,"tgtObjectAttributes":{},"runtimeParameterData":{"@type":"mtTaskRuntimeParameterData","isConnectionRuntimeParameter":false,"isObjectRuntimeParameter":false},"overriddenFields":[]},{"@type":"mtTaskParameter","id":248701837,"name":"$Target$","type":"TARGET","label":"Target","uiProperties":{"connectionParameterized":"false","objectParameterized":"false","visible":"false","defaultTargetUpdateColumns":"","supportApplyDDLChanges":"true"},"targetConnectionId":"@1jBwBKt9YIWby3i31JBF4n","targetObject":"audit.txt","targetObjectLabel":"audit.txt","newFlatFile":false,"newObject":true,"showBusinessNames":false,"naturalOrder":true,"newObjectName":"audit.txt","truncateTarget":false,"bulkApiDBTarget":false,"operationType":"Insert","tgtFFAttrs":{"@type":"flatFileAttrs","id":34623718,"delimiter":",","textQualifier":"\"","escapeChar":"","headerLineNo":1},"customFuncCfg":{"@type":"customFuncConfig","id":-1,"connections":[],"inputMap":[],"outputFields":[]},"tgtFieldRefs":{},"targetUpdateColumns":[],"extendedObject":{"@type":"extendedObject","filters":[],"sortFields":[]},"runtimeAttrs":{},"isRESTModernSource":true,"isFileList":false,"handleSpecialChars":false,"frsAsset":false,"dynamicFileName":false,"currentlyProcessedFileName":false,"objectName":"audit.txt","objectLabel":"audit.txt","tgtObjectAttributes":{},"runtimeParameterData":{"@type":"mtTaskRuntimeParameterData","isConnectionRuntimeParameter":false,"isObjectRuntimeParameter":false},"overriddenFields":[]}],"sequences":[],"inOutParameters":[{"@type":"mtTaskInOutParameter","id":"-1","name":"RunId","description":"","initialValue":"","datatype":"INTEGER","precision":"10","scale":"0","retentionPolicy":"ON_SUCCESS_OR_WARNING","aggregationType":"MAX","currentValue":"0"},{"@type":"mtTaskInOutParameter","id":"-1","name":"Task_Status","description":"","initialValue":"","datatype":"STRING","precision":"100","scale":"0","retentionPolicy":"ON_SUCCESS_OR_WARNING","aggregationType":"MAX","currentValue":""},{"@type":"mtTaskInOutParameter","id":"-1","name":"Success_Source_Rows","description":"","initialValue":"","datatype":"INTEGER","precision":"10","scale":"0","retentionPolicy":"ON_SUCCESS_OR_WARNING","aggregationType":"MAX","currentValue":"0"},{"@type":"mtTaskInOutParameter","id":"-1","name":"Failed_Source_Rows","description":"","initialValue":"","datatype":"INTEGER","precision":"10","scale":"0","retentionPolicy":"ON_SUCCESS_OR_WARNING","aggregationType":"MAX","currentValue":"0"},{"@type":"mtTaskInOutParameter","id":"-1","name":"Success_Target_Rows","description":"","initialValue":"","datatype":"INTEGER","precision":"10","scale":"0","retentionPolicy":"ON_SUCCESS_OR_WARNING","aggregationType":"MAX","currentValue":"0"},{"@type":"mtTaskInOutParameter","id":"-1","name":"Failed_Target_Rows","description":"","initialValue":"","datatype":"INTEGER","precision":"10","scale":"0","retentionPolicy":"ON_SUCCESS_OR_WARNING","aggregationType":"MAX","currentValue":"0"},{"@type":"mtTaskInOutParameter","id":"-1","name":"StartTime","description":"","initialValue":"","datatype":"DATETIME","precision":"29","scale":"9","retentionPolicy":"ON_SUCCESS_OR_WARNING","aggregationType":"MAX","currentValue":"01/01/1753 00:00:00.000000000"},{"@type":"mtTaskInOutParameter","id":"-1","name":"EndTime","description":"","initialValue":"","datatype":"DATETIME","precision":"29","scale":"9","retentionPolicy":"ON_SUCCESS_OR_WARNING","aggregationType":"MAX","currentValue":"01/01/1753 00:00:00.000000000"},{"@type":"mtTaskInOutParameter","id":"-1","name":"ErrorMsg","description":"","initialValue":"","datatype":"STRING","precision":"10000","scale":"0","retentionPolicy":"ON_SUCCESS_OR_WARNING","aggregationType":"MAX","currentValue":""}],"connRuntimeAttrs":[]}]