[{"@type":"dssTask","id":"@1","name":"dss_lookup","description":"","maxLogs":10,"sourceConnectionId":"@kWZSQozbcO9fvmOnm150AV","targetConnectionId":"@kWZSQozbcO9fvmOnm150AV","targetObject":"PERSONS2","targetObjectLabel":"PERSONS2","operation":"Insert","maxRows":0,"truncateTarget":false,"bulkApiDBTarget":false,"verbose":false,"targetMetadataUpdated":false,"modelVersion":"V3-R600","queryAll":false,"srcSettings":{"@type":"taskDataSourceSetting","isShowLabels":false,"isNaturalOrder":true},"tgtSettings":{"@type":"taskDataSourceSetting","isShowLabels":false,"isNaturalOrder":true},"cfSettings":{"@type":"taskDataSourceSetting","isShowLabels":false,"isNaturalOrder":false},"bulkApi":false,"bulkApiSerialMode":false,"bulkApiMonitor":false,"isTargetObjectSfCustom":false,"allowNullUpdates":false,"targetBatchSize":200,"assignmentRuleId":"-1","assignmentRuleType":"None","createSuccessFile":false,"bulkApiHardDelete":false,"parameterFileEncoding":"UTF-8","serverlessProperties":{},"sourceObjects":[{"@type":"mObject","name":"PERSONS","label":"PERSONS","metadataUpdated":false,"relations":[],"children":[]}],"advancedFilters":[],"filters":[],"fieldMaps":[{"@type":"fieldMap","id":"68094340","targetField":{"@type":"field","id":228686803,"name":"PERSON_ID","type":"double","uniqueName":"PERSON_ID","label":"PERSON_ID","parentObject":"PERSONS2","pcType":"FLOAT","precision":15,"scale":0,"columnIndex":0,"isKey":false,"isWaterMarkKey":false,"isExternalId":false,"isSfIdLookup":false,"isNullable":true,"isUnique":false,"isCreateable":false,"isUpdateable":true,"isFilterable":true,"isCalculated":false,"filterType":"DOUBLE","showLabel":false,"naturalOrder":0,"typeConfigFields":[],"linkedFields":["LAST_NAME"],"relatedInfos":[],"references":[]},"lookup":{"@type":"lookup","id":"107959","connectionId":"@kWZSQozbcO9fvmOnm150AV","object":"FROMCRMSALES","objectLabel":"FROMCRMSALES","outputField":{"@type":"field","id":228686806,"name":"NAME","type":"nvarchar","uniqueName":"NAME","label":"NAME","parentObject":"FROMCRMSALES","pcType":"UNISTRING","precision":510,"scale":0,"columnIndex":147,"isKey":false,"isWaterMarkKey":false,"isExternalId":false,"isSfIdLookup":false,"isNullable":true,"isUnique":false,"isCreateable":false,"isUpdateable":true,"isFilterable":true,"isCalculated":false,"filterType":"STRING","showLabel":true,"naturalOrder":147,"typeConfigFields":[],"linkedFields":[],"relatedInfos":[],"references":[]},"multiplicityError":true,"settings":{"@type":"taskDataSourceSetting","isShowLabels":false,"isNaturalOrder":true},"objectRelations":[{"@type":"objectRelationExt","object1":"PERSONS","object2":"FROMCRMSALES","field1":{"@type":"field","id":228686809,"name":"LAST_NAME","type":"varchar","uniqueName":"LAST_NAME","label":"LAST_NAME","parentObject":"PERSONS","pcType":"STRING","precision":50,"scale":0,"columnIndex":2,"isKey":false,"isWaterMarkKey":false,"isExternalId":false,"isSfIdLookup":false,"isNullable":false,"isUnique":false,"isCreateable":false,"isUpdateable":true,"isFilterable":true,"isCalculated":false,"filterType":"STRING","showLabel":true,"naturalOrder":2,"typeConfigFields":[],"linkedFields":["LAST_NAME"],"relatedInfos":[],"references":[]},"field2":{"@type":"field","id":228686812,"name":"YOMINAME","type":"nvarchar","uniqueName":"YOMINAME","label":"YOMINAME","parentObject":"FROMCRMSALES","pcType":"UNISTRING","precision":510,"scale":0,"columnIndex":122,"isKey":false,"isWaterMarkKey":false,"isExternalId":false,"isSfIdLookup":false,"isNullable":true,"isUnique":false,"isCreateable":false,"isUpdateable":true,"isFilterable":true,"isCalculated":false,"filterType":"STRING","showLabel":true,"naturalOrder":122,"typeConfigFields":[],"linkedFields":[],"relatedInfos":[],"references":[]}}]}},{"@type":"fieldMap","id":"68094343","targetField":{"@type":"field","id":228686815,"name":"FIRST_NAME","type":"varchar","uniqueName":"FIRST_NAME","label":"FIRST_NAME","parentObject":"PERSONS2","pcType":"STRING","precision":50,"scale":0,"columnIndex":1,"isKey":false,"isWaterMarkKey":false,"isExternalId":false,"isSfIdLookup":false,"isNullable":false,"isUnique":false,"isCreateable":false,"isUpdateable":true,"isFilterable":true,"isCalculated":false,"filterType":"STRING","showLabel":false,"naturalOrder":1,"typeConfigFields":[],"linkedFields":["FIRST_NAME"],"relatedInfos":[],"references":[]},"expression":"FIRST_NAME"},{"@type":"fieldMap","id":"68094346","targetField":{"@type":"field","id":228686818,"name":"LAST_NAME","type":"varchar","uniqueName":"LAST_NAME","label":"LAST_NAME","parentObject":"PERSONS2","pcType":"STRING","precision":50,"scale":0,"columnIndex":2,"isKey":false,"isWaterMarkKey":false,"isExternalId":false,"isSfIdLookup":false,"isNullable":false,"isUnique":false,"isCreateable":false,"isUpdateable":true,"isFilterable":true,"isCalculated":false,"filterType":"STRING","showLabel":false,"naturalOrder":2,"typeConfigFields":[],"linkedFields":["LAST_NAME"],"relatedInfos":[],"references":[]},"expression":"LAST_NAME"}],"sourceFields":[{"@type":"field","id":228686821,"name":"PERSON_ID","type":"double","uniqueName":"PERSON_ID","label":"PERSON_ID","parentObject":"PERSONS","pcType":"FLOAT","precision":15,"scale":0,"columnIndex":0,"isKey":true,"isWaterMarkKey":false,"isExternalId":false,"isSfIdLookup":false,"isNullable":false,"isUnique":true,"isCreateable":false,"isUpdateable":true,"isFilterable":true,"isCalculated":false,"filterType":"DOUBLE","showLabel":false,"naturalOrder":0,"typeConfigFields":[],"linkedFields":[],"relatedInfos":[],"references":[]},{"@type":"field","id":228686824,"name":"FIRST_NAME","type":"varchar","uniqueName":"FIRST_NAME","label":"FIRST_NAME","parentObject":"PERSONS","pcType":"STRING","precision":50,"scale":0,"columnIndex":1,"isKey":false,"isWaterMarkKey":false,"isExternalId":false,"isSfIdLookup":false,"isNullable":false,"isUnique":false,"isCreateable":false,"isUpdateable":true,"isFilterable":true,"isCalculated":false,"filterType":"STRING","showLabel":false,"naturalOrder":1,"typeConfigFields":[],"linkedFields":["FIRST_NAME"],"relatedInfos":[],"references":[]},{"@type":"field","id":228686827,"name":"LAST_NAME","type":"varchar","uniqueName":"LAST_NAME","label":"LAST_NAME","parentObject":"PERSONS","pcType":"STRING","precision":50,"scale":0,"columnIndex":2,"isKey":false,"isWaterMarkKey":false,"isExternalId":false,"isSfIdLookup":false,"isNullable":false,"isUnique":false,"isCreateable":false,"isUpdateable":true,"isFilterable":true,"isCalculated":false,"filterType":"STRING","showLabel":false,"naturalOrder":2,"typeConfigFields":[],"linkedFields":["LAST_NAME","PERSON_ID"],"relatedInfos":[],"references":[]}],"sortFields":[],"groupFields":[]}]