[{"@type":"mtTask","id":"@1","name":"mt_IB_DF_O1MW_ACCESS_GROUPS","description":"","runtimeEnvironmentId":"@azHx493mtccdVYV6T50p8U","maxLogs":10,"verbose":false,"mappingId":"@5FefJwfq2yXltSx9fX4Kua","shortDescription":"","sessionPropertiesList":[{"name":"Stop on errors","value":"1","recommended":false}],"enableCrossSchemaPushdown":true,"enableParallelRun":false,"autoTunedApplied":false,"autoTunedAppliedType":"NONE","parameterFileName":"OPV_Data_Feed_Param.txt","parameterFileDir":"/app/projects/STR/OPV/ParamFiles","schemaMode":"async","serverlessProperties":{},"taskProperties":[{"@type":"taskProperty","name":"parameterFileDir","currentValue":"/app/projects/STR/OPV/ParamFiles","type":"STRING","label":"label.parameterFileDir","required":false},{"@type":"taskProperty","name":"parameterFileName","currentValue":"OPV_Data_Feed_Param.txt","type":"STRING","label":"label.parameterFileName","required":false}],"parameters":[{"@type":"mtTaskParameter","id":19025749,"name":"$sq_FF_OPV_ACCESS_GROUPS$","type":"EXTENDED_SOURCE","label":"FF_Connection_Src","description":"","uiProperties":{"connectionParameterized":"true","logcnx":"FF_Connection_Src","isMsrcFilterParameterized":"false","isMsrcSortParameterized":"false","objectParameterized":"false","visible":"false"},"sourceConnectionId":"@7Vnm6R7paILiOsLEyyb8Gp","newFlatFile":false,"newObject":false,"showBusinessNames":true,"naturalOrder":true,"truncateTarget":false,"bulkApiDBTarget":false,"customFuncCfg":{"@type":"customFuncConfig","id":-1,"connections":[],"inputMap":[],"outputFields":[]},"tgtFieldRefs":{},"targetUpdateColumns":[],"extendedObject":{"@type":"extendedObject","object":{"@type":"mObject","name":"FF_Access_Groups","label":"FF_Access_Groups","metadataUpdated":false,"relations":[],"children":[]},"objects":[{"@type":"mObject","name":"FF_Access_Groups","label":"FF_Access_Groups","metadataUpdated":false,"relations":[],"children":[]}],"filters":[],"sortFields":[]},"runtimeAttrs":{},"isRESTModernSource":true,"isFileList":false,"handleSpecialChars":false,"frsAsset":false,"dynamicFileName":false,"currentlyProcessedFileName":false,"fetchMode":"ORIGINAL","tgtObjectAttributes":{},"runtimeParameterData":{"@type":"mtTaskRuntimeParameterData","isConnectionRuntimeParameter":true,"isObjectRuntimeParameter":false,"connectionParameterName":"FF_Connection_Src"},"overriddenFields":[]},{"@type":"mtTaskParameter","id":19025752,"name":"$trgt_ACCESS_GROUPS$","type":"TARGET","label":"DB_Connection_Tgt","description":"","uiProperties":{"connectionParameterized":"true","logcnx":"DB_Connection_Tgt","default":"Access_Groups","objectParameterized":"false","visible":"false","defaultTargetUpdateColumns":"","supportApplyDDLChanges":"true"},"targetConnectionId":"@3bHlqlx49she5Vr185xjiV","targetObject":"Access_Groups","targetObjectLabel":"Access_Groups","newFlatFile":false,"newObject":false,"showBusinessNames":true,"naturalOrder":true,"truncateTarget":true,"bulkApiDBTarget":false,"customFuncCfg":{"@type":"customFuncConfig","id":-1,"connections":[],"inputMap":[],"outputFields":[]},"tgtFieldRefs":{},"targetUpdateColumns":[],"extendedObject":{"@type":"extendedObject","filters":[],"sortFields":[]},"runtimeAttrs":{},"isRESTModernSource":true,"isFileList":false,"handleSpecialChars":false,"frsAsset":false,"dynamicFileName":false,"currentlyProcessedFileName":false,"objectName":"Access_Groups","objectLabel":"Access_Groups","fetchMode":"ORIGINAL","tgtObjectAttributes":{},"runtimeParameterData":{"@type":"mtTaskRuntimeParameterData","isConnectionRuntimeParameter":true,"isObjectRuntimeParameter":false,"connectionParameterName":"DB_Connection_Tgt"},"overriddenFields":[]}],"sequences":[],"inOutParameters":[],"connRuntimeAttrs":[]}]