[{"@type":"mappingTemplate","id":"@1","name":"Mapping23","description":"","bundleVersion":"0","templateId":"@3","deployTime":1684364219000,"hasParameters":false,"valid":true,"fixedConnection":true,"hasParametersDeployed":false,"fixedConnectionDeployed":true,"isSchemaValidationEnabled":false,"tasks":0,"mappingPreviewFileRecordId":"@2","documentType":"MAPPING","references":[{"@type":"reference","refObjectId":"@gX3T2HUKEetl93wTVZ0VGW","refType":"connection"},{"@type":"reference","refObjectId":"@7sIRDpTAcwLeub5HsmXYei","refType":"connection"}]}]