[{"@type":"dssTask","id":"@1","name":"Synchronization Task1","description":"","maxLogs":10,"sourceConnectionId":"@f1zCznmniG8jZCh9z9DJep","targetConnectionId":"@f1zCznmniG8jZCh9z9DJep","targetObject":"env.out","targetObjectLabel":"env.out","operation":"Insert","maxRows":0,"truncateTarget":false,"bulkApiDBTarget":false,"verbose":false,"srcFlatFileAttrs":{"@type":"flatFileAttrs","id":2490658,"delimiter":",","textQualifier":"\"","escapeChar":"","headerLineNo":1,"firstDataRow":2,"rowDelimiter":0,"consecutiveDelimiter":false},"tgtFlatFileAttrs":{"@type":"flatFileAttrs","id":2490661,"delimiter":",","textQualifier":"\"","escapeChar":"","headerLineNo":1,"firstDataRow":2,"rowDelimiter":0,"consecutiveDelimiter":false},"targetMetadataUpdated":false,"modelVersion":"V3-R600","queryAll":false,"srcSettings":{"@type":"taskDataSourceSetting","isShowLabels":false,"isNaturalOrder":true},"tgtSettings":{"@type":"taskDataSourceSetting","isShowLabels":false,"isNaturalOrder":true},"cfSettings":{"@type":"taskDataSourceSetting","isShowLabels":false,"isNaturalOrder":false},"bulkApi":false,"bulkApiSerialMode":false,"bulkApiMonitor":false,"isTargetObjectSfCustom":false,"allowNullUpdates":false,"targetBatchSize":200,"assignmentRuleId":"-1","assignmentRuleType":"None","createSuccessFile":false,"bulkApiHardDelete":false,"srcRuntimeAttrs":{"@type":"taskRuntimeAttrs","attrs":{}},"tgtRuntimeAttrs":{"@type":"taskRuntimeAttrs","attrs":{}},"parameterFileEncoding":"UTF-8","serverlessProperties":{},"sourceObjects":[{"@type":"mObject","name":"env.out","label":"env.out","metadataUpdated":false,"relations":[],"children":[]}],"advancedFilters":[],"filters":[],"fieldMaps":[{"@type":"fieldMap","id":"11736397","targetField":{"@type":"field","id":32742499,"name":"MANPATH__opt_teradata_client_13_10_odbc_32_help_man_","type":"nstring","uniqueName":"MANPATH__opt_teradata_client_13_10_odbc_32_help_man_","label":"MANPATH__opt_teradata_client_13_10_odbc_32_help_man_","parentObject":"env.out","pcType":"UNISTRING","precision":255,"scale":0,"columnIndex":0,"isKey":false,"isWaterMarkKey":false,"isExternalId":false,"isSfIdLookup":false,"isNullable":true,"isUnique":false,"isCreateable":false,"isUpdateable":true,"isFilterable":true,"isCalculated":false,"filterType":"STRING","showLabel":false,"naturalOrder":0,"typeConfigFields":[],"linkedFields":["MANPATH__opt_teradata_client_13_10_odbc_32_help_man_"],"relatedInfos":[],"references":[]},"expression":"MANPATH__opt_teradata_client_13_10_odbc_32_help_man_"}],"sourceFields":[{"@type":"field","id":14117356,"name":"MANPATH__opt_teradata_client_13_10_odbc_32_help_man_","type":"nstring","uniqueName":"MANPATH__opt_teradata_client_13_10_odbc_32_help_man_","label":"MANPATH__opt_teradata_client_13_10_odbc_32_help_man_","parentObject":"env.out","pcType":"UNISTRING","precision":255,"scale":0,"columnIndex":0,"isKey":false,"isWaterMarkKey":false,"isExternalId":false,"isSfIdLookup":false,"isNullable":true,"isUnique":false,"isCreateable":false,"isUpdateable":true,"isFilterable":true,"isCalculated":false,"filterType":"STRING","showLabel":false,"naturalOrder":0,"typeConfigFields":[],"linkedFields":["MANPATH__opt_teradata_client_13_10_odbc_32_help_man_"],"relatedInfos":[],"references":[]}],"sortFields":[],"groupFields":[]}]