[{"@type":"mtTask","id":"@1","name":"MappingTask2","description":"","runtimeEnvironmentId":"@81ymyPTILezh3CLnxFiheY","maxLogs":10,"verbose":false,"lastRunTime":1607417464000,"mappingId":"@awSRRWLljwWjifvfdRQwME","shortDescription":"","sessionPropertiesList":[{"name":"Pushdown Optimization","value":"Full","recommended":false}],"enableCrossSchemaPushdown":true,"enableParallelRun":false,"autoTunedApplied":false,"autoTunedAppliedType":"NONE","parameterFileName":"azure.txt","parameterFileDir":"C:\\Users\\Administrator\\Desktop\\FF\\param","paramFileType":"PARAM_FILE_LOCAL","schemaMode":"async","parameterFileEncoding":"UTF-8","serverlessProperties":{},"taskProperties":[{"@type":"taskProperty","name":"parameterFileDir","currentValue":"C:\\Users\\Administrator\\Desktop\\FF\\param","type":"STRING","label":"label.parameterFileDir","required":false},{"@type":"taskProperty","name":"parameterFileName","currentValue":"azure.txt","type":"STRING","label":"label.parameterFileName","required":false}],"parameters":[{"@type":"mtTaskParameter","id":162492193,"name":"$Source$","type":"EXTENDED_SOURCE","label":"vivek_azure_dw","description":"","uiProperties":{"cnxtype":"ODBC","connectionParameterized":"true","logcnx":"vivek_azure_dw","isMsrcFilterParameterized":"false","isMsrcSortParameterized":"false","objectParameterized":"false","visible":"false"},"sourceConnectionId":"@5srzhmM0kMckWOFaIznH2T","newFlatFile":false,"newObject":false,"showBusinessNames":true,"naturalOrder":true,"truncateTarget":false,"bulkApiDBTarget":false,"customFuncCfg":{"@type":"customFuncConfig","id":-1,"connections":[],"inputMap":[],"outputFields":[]},"tgtFieldRefs":{},"targetUpdateColumns":[],"extendedObject":{"@type":"extendedObject","object":{"@type":"mObject","name":"vivek_test_2","label":"vivek_test_2","metadataUpdated":false,"relations":[],"children":[]},"objects":[{"@type":"mObject","name":"vivek_test_2","label":"vivek_test_2","metadataUpdated":false,"relations":[],"children":[]}],"filters":[],"sortFields":[]},"runtimeAttrs":{},"isRESTModernSource":true,"isFileList":false,"handleSpecialChars":false,"frsAsset":false,"dynamicFileName":false,"currentlyProcessedFileName":false,"tgtObjectAttributes":{},"runtimeParameterData":{"@type":"mtTaskRuntimeParameterData","isConnectionRuntimeParameter":true,"isObjectRuntimeParameter":false,"connectionParameterName":"vivek_azure_dw"},"overriddenFields":[]},{"@type":"mtTaskParameter","id":162492196,"name":"$Target$","type":"TARGET","label":"vivek_azure_dw1","description":"","uiProperties":{"cnxtype":"ODBC","connectionParameterized":"true","logcnx":"vivek_azure_dw1","default":"vivek_test1","objectParameterized":"false","visible":"false","defaultTargetUpdateColumns":"","supportApplyDDLChanges":"false"},"targetConnectionId":"@4jbOiMjceLWfAtzwpgbZur","targetObject":"vivek_test1","targetObjectLabel":"vivek_test1","newFlatFile":false,"newObject":false,"showBusinessNames":true,"naturalOrder":true,"truncateTarget":false,"bulkApiDBTarget":false,"operationType":"Insert","customFuncCfg":{"@type":"customFuncConfig","id":-1,"connections":[],"inputMap":[],"outputFields":[]},"tgtFieldRefs":{},"targetUpdateColumns":[],"extendedObject":{"@type":"extendedObject","filters":[],"sortFields":[]},"runtimeAttrs":{},"isRESTModernSource":true,"isFileList":false,"handleSpecialChars":false,"frsAsset":false,"dynamicFileName":false,"currentlyProcessedFileName":false,"objectName":"vivek_test1","objectLabel":"vivek_test1","tgtObjectAttributes":{},"runtimeParameterData":{"@type":"mtTaskRuntimeParameterData","isConnectionRuntimeParameter":true,"isObjectRuntimeParameter":false,"connectionParameterName":"vivek_azure_dw1"},"overriddenFields":[]}],"sequences":[],"inOutParameters":[],"connRuntimeAttrs":[]}]