[{"@type":"mtTask","id":"@1","name":"MT_Affiliation_Group_Configuration_to_Relationship","description":"","runtimeEnvironmentId":"@fm5zDCfxvkSiZ4b1B6bMaH","maxLogs":10,"verbose":false,"mappingId":"@5ZChUov2ICkisA5JIVopgl","frsGuid":"6IXeIla7IrWbHstJtiWl0s","shortDescription":"","sessionPropertiesList":[{"name":"Allow Temporary Sequence for Pushdown","value":"NO","recommended":false},{"name":"Allow Temporary View for Pushdown","value":"NO","recommended":false},{"name":"Pushdown Optimization","value":"None","recommended":false},{"name":"Pushdown Optimization Context","value":"None","recommended":false},{"name":"Run Only In Pushdown Mode","value":"NO","recommended":false}],"enableCrossSchemaPushdown":true,"enableParallelRun":false,"autoTunedApplied":false,"autoTunedAppliedType":"NONE","paramFileType":"PARAM_FILE_LOCAL","schemaMode":"async","executionEngine":"SPARK","valid":true,"schemaValidationErrorCount":-1,"parameterFileEncoding":"UTF-8","serverlessProperties":{},"taskProperties":[{"@type":"taskProperty","name":"parameterFileDir","currentValue":"","type":"STRING","label":"label.parameterFileDir","required":false},{"@type":"taskProperty","name":"parameterFileName","currentValue":"","type":"STRING","label":"label.parameterFileName","required":false}],"parameters":[{"@type":"mtTaskParameter","id":762860911,"name":"$Mapplet_Pre_Source_Affiliation_Group_Configuration_to_Relationship_Type$","type":"EXTENDED_SOURCE","label":"Mapplet_Pre_Source_Affiliation_Group_Configuration_to_Relationship_Type","uiProperties":{"connectionParameterized":"false","isSelectDistinct":"false","isMsrcFilterParameterized":"false","isMsrcSortParameterized":"false","objectParameterized":"false","visible":"false","originalPath":"Mapplet_Pre.Source_Affiliation_Group_Configuration_to_Relationship_Type"},"sourceConnectionId":"@5f6NxvkgnEacsU8Hzp1Wu0","newFlatFile":false,"newObject":false,"showBusinessNames":false,"naturalOrder":true,"truncateTarget":false,"bulkApiDBTarget":false,"customFuncCfg":{"@type":"customFuncConfig","id":-1,"connections":[],"inputMap":[],"outputFields":[]},"targetRefsV2":{},"targetUpdateColumns":[],"extendedObject":{"@type":"extendedObject","object":{"@type":"mObject","name":"aws-a0117-use1-00-q-s3b-shrd-6508-data01/data-fabric%2F/Affiliation_Group_Configuration_to_ Relationship_ Type_TestData.csv","label":"Affiliation_Group_Configuration_to_ Relationship_ Type_TestData.csv","metadataUpdated":false,"relations":[],"children":[]},"singleMode":true,"objects":[{"@type":"mObject","name":"aws-a0117-use1-00-q-s3b-shrd-6508-data01/data-fabric%2F/Affiliation_Group_Configuration_to_ Relationship_ Type_TestData.csv","label":"Affiliation_Group_Configuration_to_ Relationship_ Type_TestData.csv","metadataUpdated":false,"relations":[],"children":[]}],"filters":[],"sortFields":[]},"runtimeAttrs":{},"isRESTModernSource":true,"isFileList":false,"handleSpecialChars":false,"handleDecimalRoundOff":false,"frsAsset":false,"dynamicFileName":false,"excludeDynamicFileNameField":false,"currentlyProcessedFileName":false,"retainFieldMetadata":false,"useExactSrcNames":false,"fetchMode":"ORIGINAL","tgtObjectAttributes":{},"dataFormat":{"@type":"dataFormat","formatId":"Flat","schema":"","dataFormatAttributes":{"escapeChar":"\\","rowDelimiter":"","importColumnFromFirstLine":"true","headerLineNumber":"1","maxRowsToPreview":"0","distributionColumn":"","qualifierMode":"MINIMAL","firstDataRow":"2","generateHeader":"true","delimiter":",","qualifier":"\"","targetHeader":"With Header","disableEscapeChar":"true","codePage":"UTF-8","fixedWidthMode":"false"}},"runtimeParameterData":{"@type":"mtTaskRuntimeParameterData","isConnectionRuntimeParameter":false,"isObjectRuntimeParameter":false},"overridableProperties":[],"overriddenFields":[]},{"@type":"mtTaskParameter","id":762860914,"name":"$Mapplet2_Affiliation_Group_Configuration_to_Relationship_Failed_Records$","type":"TARGET","label":"Mapplet2_Affiliation_Group_Configuration_to_Relationship_Failed_Records","uiProperties":{"connectionParameterized":"false","objectParameterized":"false","visible":"false","defaultTargetUpdateColumns":"","supportApplyDDLChanges":"false","originalPath":"Mapplet2.Affiliation_Group_Configuration_to_Relationship_Failed_Records"},"targetConnectionId":"@6KrzmfMmTQFe0zsOgxKV2J","targetObject":"aws-a0078-use1-00-q-s3b-shrd-spm-int01/in%2F/DataFabric%2F/InvalidData%2F/Affiliation Group Configuration to Relationship%2F/Affiliation Group Configuration to Relationship Type Contract Failed.txt","targetObjectLabel":"Affiliation Group Configuration to Relationship Type Contract Failed.txt","newFlatFile":false,"newObject":false,"showBusinessNames":false,"naturalOrder":true,"truncateTarget":false,"bulkApiDBTarget":false,"operationType":"Insert","customFuncCfg":{"@type":"customFuncConfig","id":-1,"connections":[],"inputMap":[],"outputFields":[]},"targetRefsV2":{},"targetUpdateColumns":[],"extendedObject":{"@type":"extendedObject","singleMode":true,"filters":[],"sortFields":[]},"runtimeAttrs":{},"isRESTModernSource":true,"isFileList":false,"handleSpecialChars":false,"handleDecimalRoundOff":false,"frsAsset":false,"dynamicFileName":false,"excludeDynamicFileNameField":false,"currentlyProcessedFileName":false,"retainFieldMetadata":false,"objectName":"aws-a0078-use1-00-q-s3b-shrd-spm-int01/in%2F/DataFabric%2F/InvalidData%2F/Affiliation Group Configuration to Relationship%2F/Affiliation Group Configuration to Relationship Type Contract Failed.txt","objectLabel":"Affiliation Group Configuration to Relationship Type Contract Failed.txt","useExactSrcNames":false,"fetchMode":"ORIGINAL","tgtObjectAttributes":{"parent":""},"dataFormat":{"@type":"dataFormat","formatId":"Flat","schema":"","dataFormatAttributes":{"escapeChar":"\\","rowDelimiter":"","importColumnFromFirstLine":"true","headerLineNumber":"1","maxRowsToPreview":"0","distributionColumn":"","qualifierMode":"MINIMAL","firstDataRow":"2","generateHeader":"true","delimiter":",","qualifier":"\"","targetHeader":"With Header","disableEscapeChar":"true","codePage":"UTF-8","fixedWidthMode":"false"}},"runtimeParameterData":{"@type":"mtTaskRuntimeParameterData","isConnectionRuntimeParameter":false,"isObjectRuntimeParameter":false},"overridableProperties":[],"overriddenFields":[]},{"@type":"mtTaskParameter","id":762860917,"name":"$Mapplet2_Target$","type":"TARGET","label":"Mapplet2_Target","uiProperties":{"connectionParameterized":"false","objectParameterized":"false","visible":"false","defaultTargetUpdateColumns":"","supportApplyDDLChanges":"true","originalPath":"Mapplet2.Target"},"targetConnectionId":"@6KrzmfMmTQFe0zsOgxKV2J","targetObject":"in/DataFabric/Affiliation_Group_Configuration_to_Relationship_Type//Affiliation_Group_Configuration_to_Relationship_Type_Contract.txt","targetObjectLabel":"in/DataFabric/Affiliation_Group_Configuration_to_Relationship_Type//Affiliation_Group_Configuration_to_Relationship_Type_Contract.txt","newFlatFile":false,"newObject":true,"showBusinessNames":false,"naturalOrder":true,"newObjectName":"in/DataFabric/Affiliation_Group_Configuration_to_Relationship_Type//Affiliation_Group_Configuration_to_Relationship_Type_Contract.txt","truncateTarget":false,"bulkApiDBTarget":false,"operationType":"Insert","customFuncCfg":{"@type":"customFuncConfig","id":-1,"connections":[],"inputMap":[],"outputFields":[]},"targetRefsV2":{},"targetUpdateColumns":[],"extendedObject":{"@type":"extendedObject","singleMode":true,"filters":[],"sortFields":[]},"runtimeAttrs":{},"isRESTModernSource":true,"isFileList":false,"handleSpecialChars":false,"handleDecimalRoundOff":false,"frsAsset":false,"dynamicFileName":false,"excludeDynamicFileNameField":false,"currentlyProcessedFileName":false,"retainFieldMetadata":false,"objectName":"in/DataFabric/Affiliation_Group_Configuration_to_Relationship_Type//Affiliation_Group_Configuration_to_Relationship_Type_Contract.txt","objectLabel":"in/DataFabric/Affiliation_Group_Configuration_to_Relationship_Type//Affiliation_Group_Configuration_to_Relationship_Type_Contract.txt","useExactSrcNames":false,"fetchMode":"ORIGINAL","tgtObjectAttributes":{"parent":"in/DataFabric/Affiliation_Group_Configuration_to_Relationship_Type/"},"dataFormat":{"@type":"dataFormat","formatId":"Flat","schema":"","dataFormatAttributes":{"escapeChar":"\\","rowDelimiter":"","importColumnFromFirstLine":"true","headerLineNumber":"1","maxRowsToPreview":"0","distributionColumn":"","qualifierMode":"MINIMAL","firstDataRow":"2","generateHeader":"true","delimiter":"\t","qualifier":"\"","targetHeader":"With Header","disableEscapeChar":"true","codePage":"UTF-8","fixedWidthMode":"false"}},"runtimeParameterData":{"@type":"mtTaskRuntimeParameterData","isConnectionRuntimeParameter":false,"isObjectRuntimeParameter":false},"overridableProperties":[],"overriddenFields":[]},{"@type":"mtTaskParameter","id":762860920,"name":"$Mapplet_Pre_P01$","type":"STRING","text":"1=1","label":"Mapplet_Pre_P01","description":"","uiProperties":{"paramName":"Mapplet_Pre_P01","paramLabel":"","paramType-mapping":"Expression","default":"1=1","paramtype":"Condition","originalPath":"Mapplet_Pre.Filter"},"newFlatFile":false,"newObject":false,"showBusinessNames":true,"naturalOrder":true,"truncateTarget":false,"bulkApiDBTarget":false,"customFuncCfg":{"@type":"customFuncConfig","id":-1,"connections":[],"inputMap":[],"outputFields":[]},"targetRefsV2":{},"targetUpdateColumns":[],"runtimeAttrs":{},"isRESTModernSource":true,"isFileList":false,"handleSpecialChars":false,"handleDecimalRoundOff":false,"frsAsset":false,"dynamicFileName":false,"excludeDynamicFileNameField":false,"currentlyProcessedFileName":false,"retainFieldMetadata":false,"useExactSrcNames":false,"fetchMode":"ORIGINAL","tgtObjectAttributes":{},"runtimeParameterData":{"@type":"mtTaskRuntimeParameterData","isConnectionRuntimeParameter":false,"isObjectRuntimeParameter":false},"overridableProperties":[],"overriddenFields":[]}],"sequences":[],"inOutParameters":[],"connRuntimeAttrs":[]}]