[{"@type":"fileRecord","id":"@2","name":"extension","type":"XML","size":33546,"attachTime":1669892363000},{"@type":"fileRecord","id":"@6","name":"response","type":"XSD","size":8848,"attachTime":1669892363000},{"@type":"fileRecord","id":"@3","name":"fault","type":"XSD","size":6598,"attachTime":1669892363000},{"@type":"fileRecord","id":"@4","name":"metadata","type":"JSON","size":6531,"attachTime":1669892363000},{"@type":"fileRecord","id":"@5","name":"request","type":"XSD","size":12455,"attachTime":1669892363000}]