[{"@type":"mappingTemplate","id":"@1","name":"Mapping100 - SS 1","description":"","bundleVersion":"0","templateId":"@3","deployTime":1669892181000,"hasParameters":false,"valid":true,"fixedConnection":true,"hasParametersDeployed":false,"fixedConnectionDeployed":true,"tasks":1,"mappingPreviewFileRecordId":"@2","documentType":"MAPPING","references":[{"@type":"reference","refObjectId":"@1jBwBKt9YIWby3i31JBF4n","refType":"connection"},{"@type":"reference","refObjectId":"@4bIRsLJ7mJQjfplhenqRUz","refType":"connection"},{"@type":"reference","refObjectId":"@7kY6Fw6kzLmkFiUYHVkY0c@MIjobswagger","refType":"businessOperation"},{"@type":"reference","refObjectId":"@7kY6Fw6kzLmkFiUYHVkY0c","refType":"businessService"}]}]