[{"@type":"mappingTemplate","id":"@1","name":"Mapping_ Affiliation_Group_Configuration_to_Relationship","description":"","bundleVersion":"0","templateId":"@3","deployTime":1686674908000,"hasParameters":true,"valid":true,"fixedConnection":true,"hasParametersDeployed":true,"fixedConnectionDeployed":true,"isSchemaValidationEnabled":false,"tasks":1,"mappingPreviewFileRecordId":"@2","documentType":"MAPPING","references":[{"@type":"reference","refObjectId":"@aqAhpLyYAlUce7g5PRmyof","refType":"mappletTemplate"},{"@type":"reference","refObjectId":"@4Q7dHXhSyjlfHv48qpkQiV","refType":"mappletTemplate"},{"@type":"reference","refObjectId":"@ft0aOxtO2ObbIuh8DWA4I7","refType":"mappletTemplate"}]}]