[{"@type":"mappingTemplate","id":"@1","name":"Snowflake","description":"Kanika","bundleVersion":"0","templateId":"@3","deployTime":1592136708000,"hasParameters":false,"valid":true,"fixedConnection":true,"hasParametersDeployed":false,"fixedConnectionDeployed":true,"tasks":0,"mappingPreviewFileRecordId":"@2","documentType":"","references":[{"@type":"reference","refObjectId":"@86kdxjfMQtNjHk9GxWdGIR","refType":"connection"},{"@type":"reference","refObjectId":"@g2bR9H9752TbUFATvZZ9mb","refType":"connection"}]}]