[{"@type":"mappingTemplate","id":"@1","name":"vivek_s3snow","description":"","bundleVersion":"0","templateId":"@3","deployTime":1637139832000,"hasParameters":false,"valid":true,"fixedConnection":true,"hasParametersDeployed":false,"fixedConnectionDeployed":true,"tasks":1,"mappingPreviewFileRecordId":"@2","documentType":"MAPPING","references":[{"@type":"reference","refObjectId":"@1jBwBKt9YIWby3i31JBF4n","refType":"connection"},{"@type":"reference","refObjectId":"@g2bR9H9752TbUFATvZZ9mb","refType":"connection"}]}]