[{"@type":"mappingTemplate","id":"@1","name":"Mapping1","description":"","bundleVersion":"0","templateId":"@3","deployTime":1563569933000,"hasParameters":false,"valid":true,"fixedConnection":true,"hasParametersDeployed":false,"fixedConnectionDeployed":true,"isSchemaValidationEnabled":false,"tasks":0,"mappingPreviewFileRecordId":"@2","documentType":"","references":[{"@type":"reference","refObjectId":"@5pTZQc85SLIhKfTweC8faz","refType":"connection"},{"@type":"reference","refObjectId":"@k02Tnx0DQO8haac6Kl2wYD","refType":"connection"}]}]