[{"@type":"mappingTemplate","id":"@1","name":"JHToken","description":"","bundleVersion":"0","templateId":"@3","deployTime":1607073788000,"hasParameters":false,"valid":true,"fixedConnection":true,"hasParametersDeployed":false,"fixedConnectionDeployed":true,"tasks":0,"mappingPreviewFileRecordId":"@2","documentType":"MAPPING","references":[{"@type":"reference","refObjectId":"@58B9295nQ0whVgyjdjZOMU","refType":"connection"},{"@type":"reference","refObjectId":"@1jBwBKt9YIWby3i31JBF4n","refType":"connection"}]}]