[{"@type":"mappingTemplate","id":"@1","name":"m_LND_INWITMC_CDH_LOCATION_ITEM_CDC_LOAD","description":"CDH_STG.LOCATION_STG - CDH_DATA.LOCATION_ITEM\n","bundleVersion":"0","templateId":"@3","deployTime":1688681861000,"hasParameters":false,"valid":true,"fixedConnection":true,"hasParametersDeployed":false,"fixedConnectionDeployed":true,"isSchemaValidationEnabled":false,"tasks":2,"mappingPreviewFileRecordId":"@2","documentType":"MAPPING","references":[{"@type":"reference","refObjectId":"@4bIRsLJ7mJQjfplhenqRUz","refType":"connection"}]}]