[{"@type":"mtTask","id":"@1","name":"mt_control_customer_satisfaction_process_cycle_log_ins","description":"","runtimeEnvironmentId":"@81ymyPTILezh3CLnxFiheY","maxLogs":7,"verbose":false,"mappingId":"@7enwM33Hslsdw1Q9ftZyG3","frsGuid":"0D5TDvvVwS6i9wy84PGOGX","shortDescription":"","sessionPropertiesList":[{"name":"Enable high precision","value":"YES","recommended":false}],"enableCrossSchemaPushdown":true,"enableParallelRun":false,"autoTunedApplied":false,"autoTunedAppliedType":"NONE","parameterFileName":"snowflake_customer_satisfaction.prm","parameterFileDir":"C:\\informatica\\User_parameters\\","paramFileType":"PARAM_FILE_LOCAL","schemaMode":"async","parameterFileEncoding":"UTF-8","serverlessProperties":{},"taskProperties":[{"@type":"taskProperty","name":"parameterFileDir","currentValue":"C:\\informatica\\User_parameters\\","type":"STRING","label":"label.parameterFileDir","required":false},{"@type":"taskProperty","name":"parameterFileName","currentValue":"snowflake_customer_satisfaction.prm","type":"STRING","label":"label.parameterFileName","required":false}],"parameters":[{"@type":"mtTaskParameter","id":609934639,"name":"$SRC_FILE_TRACKER$","type":"EXTENDED_SOURCE","label":"Snowflake_SRC","description":"","uiProperties":{"cnxtype":"Snowflake Cloud Data Warehouse V2","connectionParameterized":"true","logcnx":"Snowflake_SRC","isMsrcFilterParameterized":"false","isMsrcSortParameterized":"false","objectParameterized":"false","visible":"false","originalPath":"SRC_FILE_TRACKER"},"sourceConnectionId":"@g2bR9H9752TbUFATvZZ9mb","newFlatFile":false,"newObject":false,"showBusinessNames":true,"naturalOrder":true,"truncateTarget":false,"bulkApiDBTarget":false,"customFuncCfg":{"@type":"customFuncConfig","id":-1,"connections":[],"inputMap":[],"outputFields":[]},"targetRefsV2":{},"targetUpdateColumns":[],"extendedObject":{"@type":"extendedObject","object":{"@type":"mObject","name":"EDW_DEV_CKE_DB/CONTROL/PROCESS_CYCLE_LOG","label":"PROCESS_CYCLE_LOG","metadataUpdated":false,"relations":[],"children":[]},"singleMode":true,"objects":[{"@type":"mObject","name":"EDW_DEV_CKE_DB/CONTROL/PROCESS_CYCLE_LOG","label":"PROCESS_CYCLE_LOG","metadataUpdated":false,"relations":[],"children":[]}],"filters":[],"sortFields":[]},"runtimeAttrs":{},"isRESTModernSource":true,"isFileList":false,"handleSpecialChars":false,"frsAsset":false,"dynamicFileName":false,"excludeDynamicFileNameField":false,"currentlyProcessedFileName":false,"retainFieldMetadata":false,"useExactSrcNames":false,"tgtObjectAttributes":{},"runtimeParameterData":{"@type":"mtTaskRuntimeParameterData","isConnectionRuntimeParameter":false,"isObjectRuntimeParameter":false,"connectionParameterName":"Snowflake_SRC","paramName":"Snowflake_SRC","paramLabel":""},"overridableProperties":[],"overriddenFields":[]},{"@type":"mtTaskParameter","id":609934642,"name":"$CONTROL_PROCESS_CYCLE_LOG$","type":"TARGET","label":"Snowflake_TGT","description":"","uiProperties":{"cnxtype":"Snowflake Cloud Data Warehouse V2","connectionParameterized":"true","logcnx":"Snowflake_TGT","default":"EDW_DEV_CKE_DB/CONTROL/PROCESS_CYCLE_LOG","objectParameterized":"false","visible":"false","defaultTargetUpdateColumns":"","supportApplyDDLChanges":"false","originalPath":"CONTROL_PROCESS_CYCLE_LOG"},"targetConnectionId":"@g2bR9H9752TbUFATvZZ9mb","targetObject":"EDW_DEV_CKE_DB/CONTROL/PROCESS_CYCLE_LOG","targetObjectLabel":"PROCESS_CYCLE_LOG","newFlatFile":false,"newObject":false,"showBusinessNames":true,"naturalOrder":true,"truncateTarget":false,"bulkApiDBTarget":false,"operationType":"Insert","customFuncCfg":{"@type":"customFuncConfig","id":-1,"connections":[],"inputMap":[],"outputFields":[]},"targetRefsV2":{},"targetUpdateColumns":[],"extendedObject":{"@type":"extendedObject","singleMode":true,"filters":[],"sortFields":[]},"runtimeAttrs":{},"isRESTModernSource":true,"isFileList":false,"handleSpecialChars":false,"frsAsset":false,"dynamicFileName":false,"excludeDynamicFileNameField":false,"currentlyProcessedFileName":false,"retainFieldMetadata":false,"objectName":"EDW_DEV_CKE_DB/CONTROL/PROCESS_CYCLE_LOG","objectLabel":"PROCESS_CYCLE_LOG","useExactSrcNames":false,"tgtObjectAttributes":{},"runtimeParameterData":{"@type":"mtTaskRuntimeParameterData","isConnectionRuntimeParameter":false,"isObjectRuntimeParameter":false,"connectionParameterName":"Snowflake_TGT","paramName":"Snowflake_TGT","paramLabel":""},"overridableProperties":[],"overriddenFields":[]},{"@type":"mtTaskParameter","id":609934645,"name":"$Target$","type":"TARGET","label":"Target","uiProperties":{"connectionParameterized":"false","objectParameterized":"false","visible":"false","defaultTargetUpdateColumns":"","supportApplyDDLChanges":"true","originalPath":"Target"},"targetConnectionId":"@1jBwBKt9YIWby3i31JBF4n","targetObject":"new_test.csv","targetObjectLabel":"new_test.csv","newFlatFile":false,"newObject":true,"showBusinessNames":false,"naturalOrder":true,"newObjectName":"new_test.csv","truncateTarget":false,"bulkApiDBTarget":false,"operationType":"Insert","tgtFFAttrs":{"@type":"flatFileAttrs","id":67860160,"delimiter":",","textQualifier":"\"","escapeChar":"","headerLineNo":1},"customFuncCfg":{"@type":"customFuncConfig","id":-1,"connections":[],"inputMap":[],"outputFields":[]},"targetRefsV2":{},"targetUpdateColumns":[],"extendedObject":{"@type":"extendedObject","singleMode":true,"filters":[],"sortFields":[]},"runtimeAttrs":{},"isRESTModernSource":true,"isFileList":false,"handleSpecialChars":false,"frsAsset":false,"dynamicFileName":false,"excludeDynamicFileNameField":false,"currentlyProcessedFileName":false,"retainFieldMetadata":false,"objectName":"new_test.csv","objectLabel":"new_test.csv","useExactSrcNames":false,"tgtObjectAttributes":{},"runtimeParameterData":{"@type":"mtTaskRuntimeParameterData","isConnectionRuntimeParameter":false,"isObjectRuntimeParameter":false,"paramName":"Target"},"overridableProperties":[],"overriddenFields":[]},{"@type":"mtTaskParameter","id":609934648,"name":"$LKP_FILE_GROUP_ID$","type":"LOOKUP","label":"Snowflake_TGT","description":"","uiProperties":{"cnxtype":"Snowflake Cloud Data Warehouse V2","connectionParameterized":"true","logcnx":"Snowflake_TGT","isCachedLookup":"true","multipleMatchPolicy":"Use Last Value","default":"EDW_DEV_CKE_DB/CONTROL/PROCESS_CYCLE_LOG","objectParameterized":"false","visible":"false","originalPath":"LKP_FILE_GROUP_ID"},"lookupConnectionId":"@g2bR9H9752TbUFATvZZ9mb","lookupObject":"EDW_DEV_CKE_DB/CONTROL/PROCESS_CYCLE_LOG","lookupObjectLabel":"PROCESS_CYCLE_LOG","newFlatFile":false,"newObject":false,"showBusinessNames":true,"naturalOrder":true,"truncateTarget":false,"bulkApiDBTarget":false,"customFuncCfg":{"@type":"customFuncConfig","id":-1,"connections":[],"inputMap":[],"outputFields":[]},"targetRefsV2":{},"targetUpdateColumns":[],"runtimeAttrs":{"Cache File Name Prefix":"","Lookup Index Cache Size":"AUTO","Optional":"true","Lookup cache persistent":"false","Lookup source is static":"false","Re-cache from lookup source":"false","Lookup caching enabled":"true","Lookup Data Cache Size":"AUTO","Tracing Level":"Normal","Sorted Input":"false","Lookup cache directory name":"$PMCacheDir","Pre-build lookup cache":"AUTO","Null ordering":""},"isRESTModernSource":true,"isFileList":false,"handleSpecialChars":false,"frsAsset":false,"dynamicFileName":false,"excludeDynamicFileNameField":false,"currentlyProcessedFileName":false,"retainFieldMetadata":false,"objectName":"EDW_DEV_CKE_DB/CONTROL/PROCESS_CYCLE_LOG","objectLabel":"PROCESS_CYCLE_LOG","useExactSrcNames":false,"tgtObjectAttributes":{},"runtimeParameterData":{"@type":"mtTaskRuntimeParameterData","isConnectionRuntimeParameter":false,"isObjectRuntimeParameter":false,"connectionParameterName":"Snowflake_TGT","paramName":"Snowflake_TGT","paramLabel":""},"overridableProperties":[],"overriddenFields":[]}],"sequences":[],"inOutParameters":[],"connRuntimeAttrs":[]}]